id,alert_type,amount,new_beneficiary,unusual_location,repeated_failures,rapid_activity,known_normal_pattern,high_risk
1,AML,17605,0,0,1,1,0,1
2,Fraud,17372,1,1,0,0,1,1
3,Cyber,10358,0,0,0,0,0,0
4,Cyber,9527,1,0,1,0,1,1
5,Fraud,38963,0,1,0,1,1,1
6,Cyber,1755,1,0,1,1,0,1
7,Fraud,2734,0,0,0,1,0,0
8,Fraud,0,1,0,0,1,1,0
9,Cyber,0,0,1,0,1,0,1
10,AML,7681,0,1,0,1,0,1
11,AML,12074,0,1,1,1,0,1
12,Fraud,0,1,0,0,1,1,0
13,AML,0,1,0,1,0,1,0
14,AML,24293,0,1,0,1,0,1
15,AML,11208,1,1,1,1,1,1
16,AML,0,0,0,0,1,1,0
17,Fraud,28238,1,0,0,0,1,1
18,AML,16413,0,0,0,1,0,1
19,Cyber,0,0,1,1,0,1,0
20,Cyber,7868,1,1,0,1,1,1
21,Cyber,8619,1,0,0,1,0,1
22,Fraud,11397,0,1,0,0,1,0
23,Cyber,0,1,0,0,0,1,0
24,Fraud,29656,0,0,0,1,1,0
25,Cyber,2204,1,1,1,1,0,1
26,Cyber,0,0,0,0,0,1,0
27,Cyber,596,0,1,0,0,0,0
28,Cyber,0,1,0,0,0,1,0
29,Fraud,20494,0,1,1,0,1,1
30,Cyber,1743,0,1,1,0,1,0
31,Cyber,11868,1,0,0,0,0,1
32,AML,13161,1,0,0,1,0,1
33,Cyber,2301,0,1,0,1,1,0
34,AML,7015,0,1,0,1,1,0
35,Fraud,16199,1,1,0,0,0,1
36,Cyber,8446,0,0,1,0,0,1
37,Fraud,17205,0,1,0,0,1,0
38,AML,6755,1,1,0,1,1,1
39,AML,17838,0,0,0,1,0,1
40,AML,11081,0,0,0,0,0,0
41,AML,433,1,1,0,1,1,1
42,Fraud,0,1,1,0,1,1,1
43,Fraud,0,0,1,1,0,0,1
44,Fraud,18919,1,0,1,1,0,1
45,Fraud,14697,1,1,0,1,1,1
46,AML,16503,1,0,1,0,1,1
47,AML,3799,1,0,1,1,0,1
48,Fraud,8317,1,1,0,0,1,0
49,Fraud,0,0,0,0,0,1,0
50,Fraud,4899,1,1,0,1,1,1
51,Cyber,0,0,1,0,0,1,0
52,AML,20633,0,1,0,1,1,1
53,AML,0,1,0,0,1,0,1
54,Fraud,10729,0,1,1,0,0,1
55,AML,734,0,0,0,0,0,0
56,Cyber,5420,0,0,0,1,0,0
57,Cyber,9207,0,1,1,0,1,1
58,AML,18864,1,1,0,1,0,1
59,Fraud,16811,1,1,0,1,0,1
60,AML,3066,1,0,0,1,0,1
61,Cyber,14618,0,0,0,0,0,0
62,Fraud,0,1,1,0,1,0,1
63,Fraud,1882,0,0,0,1,0,0
64,AML,14654,1,1,0,0,0,1
65,Cyber,17812,1,0,1,1,0,1
66,Cyber,0,1,0,1,0,0,1
67,Fraud,12876,0,1,0,0,0,1
68,Cyber,0,1,1,0,0,0,1
69,Cyber,0,0,1,1,0,1,0
70,AML,17664,1,1,1,1,1,1
71,AML,0,0,1,0,1,0,1
72,Cyber,5293,0,1,1,1,1,1
73,AML,27565,1,0,0,0,1,1
74,AML,25621,1,0,1,1,0,1
75,Cyber,26306,1,0,1,0,1,1
76,AML,0,0,0,0,0,0,0
77,Fraud,24787,1,1,0,1,0,1
78,Cyber,0,1,0,0,0,1,0
79,Fraud,0,1,1,0,0,0,1
80,Fraud,462,1,1,1,1,1,1
81,Fraud,0,1,1,0,0,0,1
82,Cyber,8236,0,1,1,0,1,1
83,Cyber,2790,0,0,0,1,0,0
84,AML,14624,0,1,0,1,0,1
85,Fraud,15781,0,1,1,0,0,1
86,Fraud,9519,1,0,0,1,1,0
87,Fraud,25362,1,1,1,1,1,1
88,Fraud,22737,1,0,0,0,0,1
89,Cyber,0,0,1,0,0,0,0
90,Cyber,0,0,0,0,1,1,0
91,Fraud,26508,1,0,1,1,1,1
92,AML,19029,0,1,1,1,0,1
93,Cyber,1787,0,0,1,0,1,0
94,Cyber,20901,1,1,0,0,0,1
95,Cyber,14567,1,0,1,0,0,1
96,AML,0,0,1,0,0,0,0
97,Fraud,29113,1,1,0,0,0,1
98,Cyber,15838,0,1,0,0,0,1
99,AML,0,1,1,0,0,1,0
100,Cyber,0,0,1,0,1,1,0
101,AML,846,1,0,0,0,0,0
102,Cyber,0,0,0,0,1,1,0
103,AML,0,0,0,0,1,0,0
104,Cyber,2698,0,1,0,1,1,0
105,Fraud,15466,1,1,0,1,0,1
106,Fraud,16027,1,0,0,1,0,1
107,Fraud,12688,1,0,0,0,0,1
108,AML,23934,0,0,1,1,0,1
109,Fraud,2497,0,1,1,1,0,1
110,Cyber,5964,0,0,0,1,0,0
111,AML,25922,0,1,1,0,1,1
112,Fraud,10502,0,0,0,1,0,0
113,AML,4684,1,0,0,1,1,0
114,Cyber,16667,1,1,1,1,1,1
115,Cyber,0,0,1,1,0,1,0
116,Cyber,15840,1,0,1,0,1,1
117,AML,0,0,0,0,0,1,0
118,Fraud,15735,1,0,0,1,1,1
119,AML,0,0,0,1,1,0,1
120,Fraud,0,1,0,0,1,1,0
121,AML,12479,0,0,0,0,0,0
122,Fraud,0,0,0,0,0,1,0
123,AML,4244,1,1,0,1,0,1
124,Fraud,0,0,0,0,1,1,0
125,AML,26266,0,0,0,0,0,0
126,Cyber,0,1,0,0,1,0,1
127,Cyber,10930,1,1,1,1,1,1
128,Fraud,22517,1,1,0,1,1,1
129,AML,4594,1,1,0,0,0,1
130,Fraud,0,0,1,0,0,1,0
131,Cyber,0,0,0,0,0,1,0
132,Fraud,31160,0,0,0,1,1,1
133,Fraud,2669,1,0,0,0,1,0
134,Cyber,0,0,1,1,1,1,1
135,AML,471,1,1,0,0,1,0
136,Cyber,9796,0,1,0,0,0,1
137,Cyber,0,1,0,0,0,0,0
138,AML,18660,0,0,0,1,0,1
139,AML,27988,1,0,1,1,1,1
140,AML,16240,1,0,0,1,0,1
141,Cyber,157,0,1,0,0,1,0
142,Fraud,2464,1,1,0,1,0,1
143,Cyber,4351,1,0,0,1,1,0
144,Cyber,13584,1,0,1,1,0,1
145,Fraud,2182,0,1,0,1,0,1
146,Fraud,15939,1,0,0,0,0,1
147,Cyber,0,1,1,1,1,0,1
148,Fraud,8489,1,1,1,1,1,1
149,Cyber,0,0,0,0,0,0,0
150,Cyber,11616,1,0,0,0,0,1
151,Fraud,12741,0,0,0,1,1,0
152,Fraud,17841,0,0,1,0,0,1
153,AML,10751,0,0,1,1,0,1
154,AML,11254,0,1,0,1,0,1
155,Fraud,8814,0,1,0,0,0,0
156,AML,26789,0,1,0,0,0,1
157,Cyber,0,1,1,0,0,1,0
158,AML,16947,1,1,0,0,0,1
159,Cyber,26141,1,1,0,0,1,1
160,Cyber,0,0,0,1,0,1,0
161,AML,1253,0,1,0,0,1,0
162,Fraud,0,0,1,0,1,0,1
163,Fraud,22960,1,0,0,1,1,1
164,AML,14757,1,0,1,1,0,1
165,Fraud,4543,1,1,1,0,0,1
166,Fraud,26134,0,1,0,1,1,1
167,Fraud,12126,0,1,0,1,0,1
168,AML,10173,1,1,1,0,1,1
169,Fraud,14202,1,0,0,0,1,0
170,Fraud,20950,0,0,0,1,0,1
171,AML,3159,0,0,0,1,1,0
172,Cyber,30765,1,0,1,0,0,1
173,Cyber,0,0,0,1,1,1,0
174,Cyber,0,1,1,0,0,0,1
175,Cyber,0,0,1,1,0,1,0
176,Fraud,0,0,0,0,0,1,0
177,Cyber,0,1,1,1,0,0,1
178,AML,5930,1,1,0,0,0,1
179,Fraud,21737,0,1,0,0,1,0
180,Cyber,0,1,1,0,1,0,1
181,Fraud,19483,0,1,0,1,0,1
182,AML,0,1,0,0,1,0,1
183,AML,3893,1,1,1,1,1,1
184,AML,31501,1,1,0,1,1,1
185,Cyber,1143,1,0,1,1,0,1
186,AML,0,0,0,0,1,0,0
187,Cyber,0,0,1,0,0,1,0
188,Cyber,1253,0,1,1,0,1,0
189,Cyber,4263,0,1,1,1,0,1
190,AML,0,0,0,1,0,0,0
191,Fraud,21239,0,1,0,1,1,1
192,Cyber,452,1,1,1,1,1,1
193,AML,15109,1,0,0,0,1,0
194,AML,0,1,1,0,1,1,1
195,AML,0,0,1,1,1,1,1
196,Fraud,6460,1,1,0,0,1,0
197,AML,8456,0,0,1,0,0,1
198,AML,20380,0,0,0,0,1,0
199,AML,23425,1,0,0,1,1,1
200,Cyber,0,1,1,0,0,0,1
201,Fraud,38544,1,0,0,0,0,1
202,Fraud,3542,0,0,0,0,0,0
203,Fraud,24808,1,0,0,0,0,1
204,Cyber,13587,1,0,1,0,0,1
205,Fraud,19918,1,1,0,1,1,1
206,AML,22210,1,1,1,0,0,1
207,AML,10985,0,1,1,0,1,1
208,AML,0,0,0,0,1,1,0
209,AML,29171,0,0,0,1,0,1
210,Fraud,0,0,0,0,1,1,0
211,Fraud,20255,1,0,0,0,0,1
212,Cyber,19358,1,1,0,1,1,1
213,Fraud,11596,0,0,0,1,1,0
214,Cyber,0,0,0,1,1,1,0
215,Cyber,0,0,1,1,1,0,1
216,Fraud,0,1,0,1,1,1,1
217,Fraud,6860,1,1,0,0,1,0
218,AML,0,0,0,0,1,0,0
219,Fraud,14284,1,0,1,1,1,1
220,AML,13785,1,0,0,0,1,0
221,AML,4155,1,1,1,0,0,1
222,Fraud,0,1,0,0,0,0,0
223,AML,17801,0,0,0,0,1,0
224,AML,20045,1,1,1,0,1,1
225,Cyber,9006,1,1,1,1,0,1
226,AML,0,0,0,0,0,1,0
227,Cyber,0,1,0,1,0,0,1
228,Cyber,8835,1,0,1,1,0,1
229,Cyber,0,1,0,0,1,1,0
230,Fraud,15710,0,0,0,0,0,0
231,Cyber,7688,1,0,1,1,0,1
232,Cyber,2380,1,1,1,0,1,1
233,AML,5445,1,0,0,0,0,0
234,AML,4465,1,0,0,1,1,0
235,Fraud,0,0,1,1,0,1,0
236,Cyber,0,1,0,0,1,0,1
237,Fraud,8733,1,1,0,1,1,1
238,Cyber,12829,0,0,0,1,0,0
239,Fraud,12087,0,0,0,1,0,0
240,Cyber,0,0,1,0,0,1,0
241,Fraud,4709,0,0,1,1,1,0
242,Cyber,0,0,1,0,1,1,0
243,Fraud,10884,1,1,0,0,0,1
244,Cyber,4995,1,1,1,1,0,1
245,AML,5083,1,0,1,1,1,1
246,AML,16282,0,1,0,1,0,1
247,Fraud,0,1,1,0,0,0,1
248,Fraud,0,1,0,1,1,1,1
249,AML,0,1,0,0,0,1,0
250,AML,0,1,1,0,0,0,1
251,AML,8922,1,1,0,0,0,1
252,Cyber,0,0,1,1,1,1,1
253,AML,7262,0,0,0,1,0,0
254,Fraud,4094,1,0,1,0,0,1
255,Cyber,0,0,0,1,0,0,0
256,Cyber,2230,0,0,1,0,1,0
257,AML,0,0,1,0,1,0,1
258,AML,11202,1,1,0,0,1,1
259,AML,22891,0,0,0,1,1,0
260,AML,16033,1,1,0,0,0,1
261,Fraud,0,1,0,1,0,1,0
262,Fraud,5804,0,1,0,0,1,0
263,Fraud,20939,1,0,0,1,0,1
264,Cyber,1682,1,0,1,0,0,1
265,Cyber,0,1,1,0,1,1,1
266,Fraud,2536,0,1,0,0,1,0
267,Cyber,0,1,1,1,1,0,1
268,Fraud,0,1,1,0,0,0,1
269,Fraud,2911,1,1,0,1,0,1
270,Fraud,32128,1,1,0,0,1,1
271,Cyber,0,0,1,0,0,1,0
272,Cyber,18247,1,1,0,0,0,1
273,Fraud,0,0,1,0,0,0,0
274,AML,5256,1,1,1,0,0,1
275,Cyber,7511,1,0,0,0,0,0
276,AML,2906,1,0,1,1,1,1
277,Cyber,0,0,0,0,0,0,0
278,Cyber,0,1,0,1,1,1,1
279,Fraud,14045,1,1,0,0,1,1
280,Cyber,0,0,1,0,0,1,0
281,Cyber,0,1,0,1,0,1,0
282,Cyber,10844,0,1,1,0,1,1
283,Cyber,16134,0,0,1,0,0,1
284,Fraud,0,1,1,0,0,0,1
285,Cyber,9526,1,1,1,0,1,1
286,Fraud,16473,0,0,1,1,1,1
287,AML,9675,0,1,0,0,0,1
288,Fraud,0,0,1,0,1,1,0
289,AML,18649,1,0,0,0,0,1
290,AML,9108,0,1,0,1,0,1
291,AML,5260,1,0,0,0,1,0
292,Cyber,126,1,0,1,0,0,1
293,Fraud,13039,0,1,0,0,0,1
294,Fraud,0,1,0,0,1,1,0
295,Cyber,0,0,1,0,1,0,1
296,Cyber,23914,1,0,1,0,1,1
297,AML,0,0,1,0,1,0,1
298,Cyber,8330,1,1,1,0,1,1
299,Cyber,5842,1,0,0,0,1,0
300,Cyber,23971,0,0,0,0,0,0
301,Fraud,15076,1,0,0,0,0,1
302,AML,1700,1,1,0,0,0,1
303,AML,7414,1,0,0,1,1,0
304,AML,16312,0,0,0,0,0,0
305,AML,11985,1,0,0,1,1,1
306,AML,15190,0,0,1,1,1,1
307,Cyber,3322,1,1,1,1,1,1
308,Cyber,0,0,1,1,1,0,1
309,AML,0,0,0,0,1,0,0
310,Cyber,0,1,0,0,0,1,0
311,Fraud,10674,1,0,0,0,1,0
312,Fraud,31018,0,1,0,1,0,1
313,AML,10797,0,1,0,1,0,1
314,AML,6714,1,0,0,0,0,0
315,Fraud,11244,0,0,0,1,1,0
316,AML,23422,1,1,1,0,0,1
317,Cyber,7872,0,0,0,1,1,0
318,AML,0,0,0,0,1,0,0
319,Cyber,0,0,0,1,0,1,0
320,Cyber,11840,0,1,1,1,0,1
321,Fraud,9573,0,1,1,0,1,1
322,Fraud,0,1,1,0,1,0,1
323,Fraud,12164,1,1,0,0,1,1
324,Fraud,11393,1,1,0,0,1,1
325,AML,5330,0,1,0,1,1,0
326,Cyber,0,1,1,0,0,0,1
327,AML,14222,1,0,0,0,1,0
328,AML,0,1,0,0,1,0,1
329,AML,16691,0,1,0,1,1,1
330,Fraud,26807,0,1,0,1,0,1
331,AML,25548,0,1,0,1,1,1
332,Fraud,7760,1,1,0,1,1,1
333,AML,14295,0,0,0,0,1,0
334,AML,25602,0,0,1,0,0,1
335,AML,0,0,0,0,1,0,0
336,AML,0,1,1,0,1,1,1
337,Fraud,0,1,1,0,1,1,1
338,Fraud,12577,1,1,0,1,1,1
339,AML,0,0,0,0,1,0,0
340,AML,0,1,0,0,0,0,0
341,Cyber,0,0,1,0,1,0,1
342,Cyber,13811,1,0,1,0,1,1
343,AML,18835,0,0,0,0,0,0
344,Cyber,0,0,1,0,0,0,0
345,AML,0,1,1,0,0,0,1
346,Cyber,11154,1,1,1,0,0,1
347,AML,15474,0,1,0,1,0,1
348,Fraud,0,1,1,0,1,0,1
349,Fraud,1726,1,1,0,0,1,0
350,AML,18820,1,1,0,1,0,1
351,Cyber,0,1,1,1,1,1,1
352,AML,15309,0,1,0,1,0,1
353,Fraud,17339,0,0,1,0,0,1
354,AML,6059,0,1,0,1,1,0
355,Fraud,12840,0,1,0,1,1,1
356,Cyber,4181,0,0,0,1,1,0
357,AML,8644,1,0,0,0,1,0
358,Fraud,2065,0,1,0,0,1,0
359,Fraud,0,0,1,0,1,0,1
360,Fraud,4456,1,1,0,0,0,1
361,Fraud,21446,1,0,1,0,1,1
362,AML,22865,0,0,0,1,0,1
363,AML,0,0,1,0,0,0,0
364,Fraud,1216,1,1,0,1,0,1
365,Cyber,1269,0,1,0,0,0,0
366,Fraud,8102,1,1,0,1,0,1
367,Cyber,0,1,0,1,0,0,1
368,Cyber,5153,0,0,1,0,1,0
369,AML,0,1,0,1,1,1,1
370,Fraud,0,1,0,0,1,0,1
371,Fraud,10251,1,0,0,0,1,0
372,Cyber,0,1,1,1,0,0,1
373,Fraud,13307,0,1,1,1,0,1
374,AML,6892,0,0,0,0,0,0
375,Cyber,0,0,0,1,0,1,0
376,AML,0,1,1,0,1,1,1
377,Fraud,24142,0,1,0,0,1,0
378,AML,14757,1,0,0,0,0,1
379,AML,439,0,1,0,0,1,0
380,AML,16285,1,0,0,1,1,1
381,Cyber,0,1,1,1,0,1,1
382,Cyber,3208,1,1,0,0,0,1
383,Cyber,0,1,1,1,0,0,1
384,Cyber,0,1,0,1,1,1,1
385,Cyber,0,1,1,1,0,1,1
386,Fraud,1087,0,0,0,1,1,0
387,Cyber,505,1,1,1,1,0,1
388,Cyber,577,1,0,1,1,1,1
389,Cyber,673,1,1,1,1,0,1
390,Cyber,762,1,1,1,1,1,1
391,AML,14561,0,0,0,1,1,0
392,Fraud,3619,0,0,0,1,0,0
393,AML,9479,0,1,0,0,1,0
394,Cyber,5742,1,0,0,0,0,0
395,Cyber,3445,1,1,1,1,0,1
396,AML,1093,1,0,0,0,0,0
397,Fraud,26823,1,1,1,1,0,1
398,Cyber,0,1,1,0,0,0,1
399,AML,10004,1,1,0,1,0,1
400,Fraud,1682,1,1,0,1,0,1
401,Fraud,0,0,0,0,0,1,0
402,Cyber,0,1,0,1,1,0,1
403,Cyber,2007,0,0,1,0,1,0
404,AML,17053,0,0,0,1,1,0
405,Fraud,0,0,0,1,0,1,0
406,Fraud,5502,1,0,0,1,0,1
407,Fraud,8401,0,1,1,0,0,1
408,Cyber,0,1,0,0,0,1,0
409,Cyber,3161,0,0,1,0,0,0
410,Fraud,17246,1,0,0,0,1,0
411,Fraud,6663,1,0,1,0,0,1
412,Cyber,11448,1,1,1,1,1,1
413,Cyber,5745,0,0,1,1,1,0
414,Fraud,14537,0,1,1,0,1,1
415,Cyber,0,0,1,1,0,1,0
416,Cyber,0,1,1,1,0,0,1
417,Cyber,15967,1,0,1,0,1,1
418,Cyber,10691,0,1,1,1,1,1
419,Fraud,34640,0,0,1,1,0,1
420,Fraud,9762,1,0,0,1,0,1
421,AML,27225,0,0,1,1,1,1
422,Fraud,2923,1,1,0,1,1,1
423,Cyber,10451,1,0,1,0,1,1
424,Cyber,11099,1,1,0,0,0,1
425,Cyber,24472,0,0,0,1,0,1
426,AML,14283,1,1,1,0,0,1
427,AML,14122,0,1,1,0,0,1
428,AML,15648,0,1,0,1,0,1
429,Cyber,0,1,0,1,0,1,0
430,Fraud,11014,0,0,1,1,0,1
431,Cyber,6311,0,0,0,0,1,0
432,Cyber,0,1,0,1,0,0,1
433,Fraud,27587,1,1,0,0,1,1
434,Cyber,0,1,0,0,1,0,1
435,Fraud,17148,1,1,0,0,1,1
436,Cyber,6797,0,0,1,0,0,1
437,Cyber,1496,0,1,1,1,0,1
438,Fraud,5274,1,0,0,0,0,0
439,Cyber,4476,1,1,1,1,0,1
440,AML,23741,1,1,0,1,1,1
441,AML,5031,0,1,0,1,1,0
442,Fraud,0,1,1,1,1,1,1
443,Cyber,0,0,1,0,1,1,0
444,Cyber,17173,1,1,0,1,0,1
445,Fraud,7655,1,1,0,0,1,0
446,Fraud,6443,1,0,0,1,0,1
447,AML,0,0,0,0,0,0,0
448,Cyber,19758,1,0,0,0,0,1
449,Fraud,15768,0,0,1,0,0,1
450,Fraud,0,0,1,0,0,0,0
451,Fraud,0,1,0,0,0,1,0
452,Fraud,0,0,1,1,1,0,1
453,Cyber,3055,1,1,0,0,1,0
454,Fraud,19133,0,1,0,1,0,1
455,AML,0,1,1,1,0,0,1
456,AML,0,1,1,1,1,0,1
457,AML,31516,0,1,0,0,1,1
458,Cyber,25641,0,1,1,1,1,1
459,Cyber,0,0,1,1,1,1,1
460,Fraud,2004,1,1,0,1,1,1
461,Cyber,0,1,0,0,0,0,0
462,Fraud,3746,1,0,0,1,0,1
463,Cyber,0,0,1,1,0,1,0
464,Cyber,0,1,0,0,1,0,1
465,AML,6542,1,1,1,0,1,1
466,Fraud,25007,1,0,0,1,1,1
467,AML,30528,1,0,1,0,1,1
468,Fraud,5668,0,0,0,1,0,0
469,Cyber,28136,0,1,1,0,0,1
470,Fraud,2543,0,1,0,1,0,1
471,Cyber,0,1,0,0,0,1,0
472,Fraud,7733,0,1,0,1,1,0
473,Cyber,8998,1,0,0,1,1,0
474,AML,19358,0,1,0,1,0,1
475,AML,9881,0,1,0,1,0,1
476,Fraud,0,0,1,0,1,1,0
477,AML,34245,1,1,0,0,1,1
478,Cyber,2886,0,1,0,1,0,1
479,AML,20538,1,1,0,1,0,1
480,AML,16948,0,0,1,1,1,1
481,Fraud,0,0,1,1,0,0,1
482,AML,6177,1,0,1,1,1,1
483,Fraud,9146,1,1,1,0,1,1
484,Cyber,0,0,0,1,1,0,1
485,AML,16412,0,1,1,0,0,1
486,Cyber,5294,0,0,1,0,0,0
487,Cyber,12954,0,0,1,0,0,1
488,Fraud,0,0,0,1,0,0,0
489,AML,13874,0,1,0,0,0,1
490,AML,20922,1,1,0,1,1,1
491,AML,15663,1,1,1,1,0,1
492,Fraud,15094,0,1,0,1,0,1
493,AML,123,0,1,0,0,0,0
494,AML,0,0,0,1,1,1,0
495,AML,0,0,0,0,1,0,0
496,Cyber,0,0,0,0,0,0,0
497,Fraud,0,1,0,1,1,0,1
498,AML,8530,0,0,1,0,0,1
499,Fraud,3000,1,0,1,0,1,0
500,Cyber,2977,0,0,0,0,1,0
